Workbook

Sheet README
A1: SOCIAL FOLLOWER TRACKER — NASADENIE (15 min)
A3: 1. Nahraj tento súbor do Google Drive a otvor ho cez Google Sheets
A4: (alebo v existujúcom Sheet-e: File → Import → Upload → Replace spreadsheet)
A5: 2. Skontroluj, že listy sa volajú presne: Dashboard, Accounts, Raw, Failures, Health, Monthly
A6: 3. V Accounts nahraď ukážkové účty svojimi a nastav enabled = TRUE
A7: 4. ZMAŽ ukážkové dáta v Raw (riadky 2 až 9) – slúžili len na ukážku vzorcov
A8: 5. Extensions → Apps Script → vlož kód zo social_tracker_v3.gs → doplni APIFY_TOKEN → Run setup()
A9: 6. Pridaj 3 tlačidlá na Dashboard (Insert → Drawing → Assign script):
A10: btnScrapeToday = dnešný deň | btnBackfillDate = dátum z Dashboard!B4 | btnRebuildSummary = mesačné súčty
A11: 7. Prvý test: klikni ▶ Scrape today → do 30 s pribudnú riadky v Raw a Daily Overview sa prepíše naživo
A13: DENNÝ PREHĽAD = Dashboard (tabuľka pod riadkom 12 sa počíta sama z Raw):
A14: last_date = posledný úspešný scrape · followers = počet v ten deň
... A17: Failures = čo treba backfill-núť (dátum do B4 → BACKFILL tlačidlo)

Sheet Dashboard
A1: SOCIAL FOLLOWER TRACKER — DAILY OVERVIEW
A2: Last run: | B2: (waiting for first scrape)
A4: Backfill date (yyyy-MM-dd): | C4: ← put a past date here, then click the BACKFILL button
A6: Buttons: Insert → Drawing → Assign script → btnScrapeToday | btnBackfillDate | btnRebuildSummary
A7: Scheduled: daily scrape 22:00 · weekly accounts if 6+ days since last record · monthly summary 1st 22:30
A9: Health: | B9: (auto check after each run)
A11: DAILY OVERVIEW — newest record per account, day-over-day change (auto)
A12: brand | B12: platform | C12: account_label | D12: username | E12: last_date | F12: followers | G12: prev_day | H12: Δ abs | I12: Δ %
A13: =IF(Accounts!$A2=TRUE,Accounts!$D2,"") | B13: =IF($A13="","",Accounts!$B2) | C13: =IF($A13="","",Accounts!$E2) | D13: =IF($A13="","",Accounts!$C2) | E13: =IF($A13="","",IFERROR(INDEX(FILTER(Raw!$A$2:$A,Raw!$B$2:$B=$B13,Raw!$C$2:$C=$D13),COUNT(FILTER(Raw!$F$2:$F,Raw!$B$2:$B=$B13,Raw!$C$2:$C=$D13))),"missing")) | F13: =IF($A13="","",IFERROR(INDEX(FILTER(Raw!$F$2:$F,Raw!$B$2:$B=$B13,Raw!$C$2:$C=$D13),COUNT(FILTER(Raw!$F$2:$F,Raw!$B$2:$B=$B13,Raw!$C$2:$C=$D13))),"")) | G13: =IF($A13="","",IFERROR(INDEX(FILTER(Raw!$F$2:$F,Raw!$B$2:$B=$B13,Raw!$C$2:$C=$D13),COUNT(FILTER(Raw!$F$2:$F,Raw!$B$2:$B=$B13,Raw!$C$2:$C=$D13))-1),"")) | H13: =IF(OR($F13="",$G13=""),"",$F13-$G13) | I13: =IF(OR($F13="",$G13=""),"",ROUND(($F13-$G13)/$G13*100,2))
A14: =IF(Accounts!$A3=TRUE,Accounts!$D3,"") | B14: =IF($A14="","",Accounts!$B3) | C14: =IF($A14="","",Accounts!$E3) | D14: =IF($A14="","",Accounts!$C3) | E14: =IF($A14="","",IFERROR(INDEX(FILTER(Raw!$A$2:$A,Raw!$B$2:$B=$B14,Raw!$C$2:$C=$D14),COUNT(FILTER(Raw!$F$2:$F,Raw!$B$2:$B=$B14,Raw!$C$2:$C=$D14))),"missing")) | F14: =IF($A14="","",IFERROR(INDEX(FILTER(Raw!$F$2:$F,Raw!$B$2:$B=$B14,Raw!$C$2:$C=$D14),COUNT(FILTER(Raw!$F$2:$F,Raw!$B$2:$B=$B14,Raw!$C$2:$C=$D14))),"")) | G14: =IF($A14="","",IFERROR(INDEX(FILTER(Raw!$F$2:$F,Raw!$B$2:$B=$B14,Raw!$C$2:$C=$D14),COUNT(FILTER(Raw!$F$2:$F,Raw!$B$2:$B=$B14,Raw!$C$2:$C=$D14))-1),"")) | H14: =IF(OR($F14="",$G14=""),"",$F14-$G14) | I14: =IF(OR($F14="",$G14=""),"",ROUND(($F14-$G14)/$G14*100,2))
A15: =IF(Accounts!$A4=TRUE,Accounts!$D4,"") | B15: =IF($A15="","",Accounts!$B4) | C15: =IF($A15="","",Accounts!$E4) | D15: =IF($A15="","",Accounts!$C4) | E15: =IF($A15="","",IFERROR(INDEX(FILTER(Raw!$A$2:$A,Raw!$B$2:$B=$B15,Raw!$C$2:$C=$D15),COUNT(FILTER(Raw!$F$2:$F,Raw!$B$2:$B=$B15,Raw!$C$2:$C=$D15))),"missing")) | F15: =IF($A15="","",IFERROR(INDEX(FILTER(Raw!$F$2:$F,Raw!$B$2:$B=$B15,Raw!$C$2:$C=$D15),COUNT(FILTER(Raw!$F$2:$F,Raw!$B$2:$B=$B15,Raw!$C$2:$C=$D15))),"")) | G15: =IF($A15="","",IFERROR(INDEX(FILTER(Raw!$F$2:$F,Raw!$B$2:$B=$B15,Raw!$C$2:$C=$D15),COUNT(FILTER(Raw!$F$2:$F,Raw!$B$2:$B=$B15,Raw!$C$2:$C=$D15))-1),"")) | H15: =IF(OR($F15="",$G15=""),"",$F15-$G15) | I15: =IF(OR($F15="",$G15=""),"",ROUND(($F15-$G15)/$G15*100,2))
A16: =IF(Accounts!$A5=TRUE,Accounts!$D5,"") | B16: =IF($A16="","",Accounts!$B5) | C16: =IF($A16="","",Accounts!$E5) | D16: =IF($A16="","",Accounts!$C5) | E16: =IF($A16="","",IFERROR(INDEX(FILTER(Raw!$A$2:$A,Raw!$B$2:$B=$B16,Raw!$C$2:$C=$D16),COUNT(FILTER(Raw!$F$2:$F,Raw!$B$2:$B=$B16,Raw!$C$2:$C=$D16))),"missing")) | F16: =IF($A16="","",IFERROR(INDEX(FILTER(Raw!$F$2:$F,Raw!$B$2:$B=$B16,Raw!$C$2:$C=$D16),COUNT(FILTER(Raw!$F$2:$F,Raw!$B$2:$B=$B16,Raw!$C$2:$C=$D16))),"")) | G16: =IF($A16="","",IFERROR(INDEX(FILTER(Raw!$F$2:$F,Raw!$B$2:$B=$B16,Raw!$C$2:$C=$D16),COUNT(FILTER(Raw!$F$2:$F,Raw!$B$2:$B=$B16,Raw!$C$2:$C=$D16))-1),"")) | H16: =IF(OR($F16="",$G16=""),"",$F16-$G16) | I16: =IF(OR($F16="",$G16=""),"",ROUND(($F16-$G16)/$G16*100,2))
A17: =IF(Accounts!$A6=TRUE,Accounts!$D6,"") | B17: =IF($A17="","",Accounts!$B6) | C17: =IF($A17="","",Accounts!$E6) | D17: =IF($A17="","",Accounts!$C6) | E17: =IF($A17="","",IFERROR(INDEX(FILTER(Raw!$A$2:$A,Raw!$B$2:$B=$B17,Raw!$C$2:$C=$D17),COUNT(FILTER(Raw!$F$2:$F,Raw!$B$2:$B=$B17,Raw!$C$2:$C=$D17))),"missing")) | F17: =IF($A17="","",IFERROR(INDEX(FILTER(Raw!$F$2:$F,Raw!$B$2:$B=$B17,Raw!$C$2:$C=$D17),COUNT(FILTER(Raw!$F$2:$F,Raw!$B$2:$B=$B17,Raw!$C$2:$C=$D17))),"")) | G17: =IF($A17="","",IFERROR(INDEX(FILTER(Raw!$F$2:$F,Raw!$B$2:$B=$B17,Raw!$C$2:$C=$D17),COUNT(FILTER(Raw!$F$2:$F,Raw!$B$2:$B=$B17,Raw!$C$2:$C=$D17))-1),"")) | H17: =IF(OR($F17="",$G17=""),"",$F17-$G17) | I17: =IF(OR($F17="",$G17=""),"",ROUND(($F17-$G17)/$G17*100,2))
A18: =IF(Accounts!$A7=TRUE,Accounts!$D7,"") | B18: =IF($A18="","",Accounts!$B7) | C18: =IF($A18="","",Accounts!$E7) | D18: =IF($A18="","",Accounts!$C7) | E18: =IF($A18="","",IFERROR(INDEX(FILTER(Raw!$A$2:$A,Raw!$B$2:$B=$B18,Raw!$C$2:$C=$D18),COUNT(FILTER(Raw!$F$2:$F,Raw!$B$2:$B=$B18,Raw!$C$2:$C=$D18))),"missing")) | F18: =IF($A18="","",IFERROR(INDEX(FILTER(Raw!$F$2:$F,Raw!$B$2:$B=$B18,Raw!$C$2:$C=$D18),COUNT(FILTER(Raw!$F$2:$F,Raw!$B$2:$B=$B18,Raw!$C$2:$C=$D18))),"")) | G18: =IF($A18="","",IFERROR(INDEX(FILTER(Raw!$F$2:$F,Raw!$B$2:$B=$B18,Raw!$C$2:$C=$D18),COUNT(FILTER(Raw!$F$2:$F,Raw!$B$2:$B=$B18,Raw!$C$2:$C=$D18))-1),"")) | H18: =IF(OR($F18="",$G18=""),"",$F18-$G18) | I18: =IF(OR($F18="",$G18=""),"",ROUND(($F18-$G18)/$G18*100,2))
A19: =IF(Accounts!$A8=TRUE,Accounts!$D8,"") | B19: =IF($A19="","",Accounts!$B8) | C19: =IF($A19="","",Accounts!$E8) | D19: =IF($A19="","",Accounts!$C8) | E19: =IF($A19="","",IFERROR(INDEX(FILTER(Raw!$A$2:$A,Raw!$B$2:$B=$B19,Raw!$C$2:$C=$D19),COUNT(FILTER(Raw!$F$2:$F,Raw!$B$2:$B=$B19,Raw!$C$2:$C=$D19))),"missing")) | F19: =IF($A19="","",IFERROR(INDEX(FILTER(Raw!$F$2:$F,Raw!$B$2:$B=$B19,Raw!$C$2:$C=$D19),COUNT(FILTER(Raw!$F$2:$F,Raw!$B$2:$B=$B19,Raw!$C$2:$C=$D19))),"")) | G19: =IF($A19="","",IFERROR(INDEX(FILTER(Raw!$F$2:$F,Raw!$B$2:$B=$B19,Raw!$C$2:$C=$D19),COUNT(FILTER(Raw!$F$2:$F,Raw!$B$2:$B=$B19,Raw!$C$2:$C=$D19))-1),"")) | H19: =IF(OR($F19="",$G19=""),"",$F19-$G19) | I19: =IF(OR($F19="",$G19=""),"",ROUND(($F19-$G19)/$G19*100,2))
A20: =IF(Accounts!$A9=TRUE,Accounts!$D9,"") | B20: =IF($A20="","",Accounts!$B9) | C20: =IF($A20="","",Accounts!$E9) | D20: =IF($A20="","",Accounts!$C9) | E20: =IF($A20="","",IFERROR(INDEX(FILTER(Raw!$A$2:$A,Raw!$B$2:$B=$B20,Raw!$C$2:$C=$D20),COUNT(FILTER(Raw!$F$2:$F,Raw!$B$2:$B=$B20,Raw!$C$2:$C=$D20))),"missing")) | F20: =IF($A20="","",IFERROR(INDEX(FILTER(Raw!$F$2:$F,Raw!$B$2:$B=$B20,Raw!$C$2:$C=$D20),COUNT(FILTER(Raw!$F$2:$F,Raw!$B$2:$B=$B20,Raw!$C$2:$C=$D20))),"")) | G20: =IF($A20="","",IFERROR(INDEX(FILTER(Raw!$F$2:$F,Raw!$B$2:$B=$B20,Raw!$C$2:$C=$D20),COUNT(FILTER(Raw!$F$2:$F,Raw!$B$2:$B=$B20,Raw!$C$2:$C=$D20))-1),"")) | H20: =IF(OR($F20="",$G20=""),"",$F20-$G20) | I20: =IF(OR($F20="",$G20=""),"",ROUND(($F20-$G20)/$G20*100,2))
A21: =IF(Accounts!$A10=TRUE,Accounts!$D10,"") | B21: =IF($A21="","",Accounts!$B10) | C21: =IF($A21="","",Accounts!$E10) | D21: =IF($A21="","",Accounts!$C10) | E21: =IF($A21="","",IFERROR(INDEX(FILTER(Raw!$A$2:$A,Raw!$B$2:$B=$B21,Raw!$C$2:$C=$D21),COUNT(FILTER(Raw!$F$2:$F,Raw!$B$2:$B=$B21,Raw!$C$2:$C=$D21))),"missing")) | F21: =IF($A21="","",IFERROR(INDEX(FILTER(Raw!$F$2:$F,Raw!$B$2:$B=$B21,Raw!$C$2:$C=$D21),COUNT(FILTER(Raw!$F$2:$F,Raw!$B$2:$B=$B21,Raw!$C$2:$C=$D21))),"")) | G21: =IF($A21="","",IFERROR(INDEX(FILTER(Raw!$F$2:$F,Raw!$B$2:$B=$B21,Raw!$C$2:$C=$D21),COUNT(FILTER(Raw!$F$2:$F,Raw!$B$2:$B=$B21,Raw!$C$2:$C=$D21))-1),"")) | H21: =IF(OR($F21="",$G21=""),"",$F21-$G21) | I21: =IF(OR($F21="",$G21=""),"",ROUND(($F21-$G21)/$G21*100,2))
A22: =IF(Accounts!$A11=TRUE,Accounts!$D11,"") | B22: =IF($A22="","",Accounts!$B11) | C22: =IF($A22="","",Accounts!$E11) | D22: =IF($A22="","",Accounts!$C11) | E22: =IF($A22="","",IFERROR(INDEX(FILTER(Raw!$A$2:$A,Raw!$B$2:$B=$B22,Raw!$C$2:$C=$D22),COUNT(FILTER(Raw!$F$2:$F,Raw!$B$2:$B=$B22,Raw!$C$2:$C=$D22))),"missing")) | F22: =IF($A22="","",IFERROR(INDEX(FILTER(Raw!$F$2:$F,Raw!$B$2:$B=$B22,Raw!$C$2:$C=$D22),COUNT(FILTER(Raw!$F$2:$F,Raw!$B$2:$B=$B22,Raw!$C$2:$C=$D22))),"")) | G22: =IF($A22="","",IFERROR(INDEX(FILTER(Raw!$F$2:$F,Raw!$B$2:$B=$B22,Raw!$C$2:$C=$D22),COUNT(FILTER(Raw!$F$2:$F,Raw!$B$2:$B=$B22,Raw!$C$2:$C=$D22))-1),"")) | H22: =IF(OR($F22="",$G22=""),"",$F22-$G22) | I22: =IF(OR($F22="",$G22=""),"",ROUND(($F22-$G22)/$G22*100,2))
A23: =IF(Accounts!$A12=TRUE,Accounts!$D12,"") | B23: =IF($A23="","",Accounts!$B12) | C23: =IF($A23="","",Accounts!$E12) | D23: =IF($A23="","",Accounts!$C12) | E23: =IF($A23="","",IFERROR(INDEX(FILTER(Raw!$A$2:$A,Raw!$B$2:$B=$B23,Raw!$C$2:$C=$D23),COUNT(FILTER(Raw!$F$2:$F,Raw!$B$2:$B=$B23,Raw!$C$2:$C=$D23))),"missing")) | F23: =IF($A23="","",IFERROR(INDEX(FILTER(Raw!$F$2:$F,Raw!$B$2:$B=$B23,Raw!$C$2:$C=$D23),COUNT(FILTER(Raw!$F$2:$F,Raw!$B$2:$B=$B23,Raw!$C$2:$C=$D23))),"")) | G23: =IF($A23="","",IFERROR(INDEX(FILTER(Raw!$F$2:$F,Raw!$B$2:$B=$B23,Raw!$C$2:$C=$D23),COUNT(FILTER(Raw!$F$2:$F,Raw!$B$2:$B=$B23,Raw!$C$2:$C=$D23))-1),"")) | H23: =IF(OR($F23="",$G23=""),"",$F23-$G23) | I23: =IF(OR($F23="",$G23=""),"",ROUND(($F23-$G23)/$G23*100,2))
A24: =IF(Accounts!$A13=TRUE,Accounts!$D13,"") | B24: =IF($A24="","",Accounts!$B13) | C24: =IF($A24="","",Accounts!$E13) | D24: =IF($A24="","",Accounts!$C13) | E24: =IF($A24="","",IFERROR(INDEX(FILTER(Raw!$A$2:$A,Raw!$B$2:$B=$B24,Raw!$C$2:$C=$D24),COUNT(FILTER(Raw!$F$2:$F,Raw!$B$2:$B=$B24,Raw!$C$2:$C=$D24))),"missing")) | F24: =IF($A24="","",IFERROR(INDEX(FILTER(Raw!$F$2:$F,Raw!$B$2:$B=$B24,Raw!$C$2:$C=$D24),COUNT(FILTER(Raw!$F$2:$F,Raw!$B$2:$B=$B24,Raw!$C$2:$C=$D24))),"")) | G24: =IF($A24="","",IFERROR(INDEX(FILTER(Raw!$F$2:$F,Raw!$B$2:$B=$B24,Raw!$C$2:$C=$D24),COUNT(FILTER(Raw!$F$2:$F,Raw!$B$2:$B=$B24,Raw!$C$2:$C=$D24))-1),"")) | H24: =IF(OR($F24="",$G24=""),"",$F24-$G24) | I24: =IF(OR($F24="",$G24=""),"",ROUND(($F24-$G24)/$G24*100,2))
... A42: =IF(Accounts!$A31=TRUE,Accounts!$D31,"") | B42: =IF($A42="","",Accounts!$B31) | C42: =IF($A42="","",Accounts!$E31) | D42: =IF($A42="","",Accounts!$C31) | E42: =IF($A42="","",IFERROR(INDEX(FILTER(Raw!$A$2:$A,Raw!$B$2:$B=$B42,Raw!$C$2:$C=$D42),COUNT(FILTER(Raw!$F$2:$F,Raw!$B$2:$B=$B42,Raw!$C$2:$C=$D42))),"missing")) | F42: =IF($A42="","",IFERROR(INDEX(FILTER(Raw!$F$2:$F,Raw!$B$2:$B=$B42,Raw!$C$2:$C=$D42),COUNT(FILTER(Raw!$F$2:$F,Raw!$B$2:$B=$B42,Raw!$C$2:$C=$D42))),"")) | G42: =IF($A42="","",IFERROR(INDEX(FILTER(Raw!$F$2:$F,Raw!$B$2:$B=$B42,Raw!$C$2:$C=$D42),COUNT(FILTER(Raw!$F$2:$F,Raw!$B$2:$B=$B42,Raw!$C$2:$C=$D42))-1),"")) | H42: =IF(OR($F42="",$G42=""),"",$F42-$G42) | I42: =IF(OR($F42="",$G42=""),"",ROUND(($F42-$G42)/$G42*100,2))

Sheet Accounts
A1: enabled | B1: platform | C1: username | D1: brand | E1: account_label | F1: frequency | G1: note
A2: TRUE | B2: instagram | C2: yourbrand | D2: You | E2: main | F2: daily
A3: TRUE | B3: instagram | C3: yourbrand.second | D3: You | E3: secondary | F3: daily | G3: 2nd IG account of the brand
A4: FALSE | B4: facebook | C4: yourbrand | D4: You | E4: main | F4: daily
A5: FALSE | B5: facebook | C5: yourbrand.second | D5: You | E5: secondary | F5: daily | G5: 2nd FB page of the brand
A6: FALSE | B6: tiktok | C6: yourbrand | D6: You | E6: main | F6: daily
A7: FALSE | B7: youtube | C7: @yourbrand | D7: You | E7: main | F7: daily | G7: with @ prefix
A8: FALSE | B8: threads | C8: yourbrand | D8: You | E8: main | F8: daily
A9: FALSE | B9: twitter | C9: yourbrand | D9: You | E9: main | F9: daily
A10: FALSE | B10: linkedin | C10: in/yourname | D10: You | E10: main | F10: daily | G10: personal profile = in/username
A11: FALSE | B11: linkedin | C11: company/yourbrand | D11: You | E11: secondary | F11: daily | G11: company page = company/slug
A12: FALSE | B12: reddit | C12: yoursubreddit | D12: You | E12: main | F12: weekly | G12: no r/ prefix
A13: FALSE | B13: instagram | C13: competitor1 | D13: Competitor 1 | E13: main | F13: daily
A14: FALSE | B14: tiktok | C14: competitor1 | D14: Competitor 1 | E14: main | F14: daily
A15: FALSE | B15: youtube | C15: @competitor1 | D15: Competitor 1 | E15: main | F15: daily
A16: FALSE | B16: threads | C16: competitor1 | D16: Competitor 1 | E16: main | F16: daily
A17: FALSE | B17: linkedin | C17: company/competitor1 | D17: Competitor 1 | E17: main | F17: daily

Sheet Raw
A1: date | B1: platform | C1: username | D1: brand | E1: account_label | F1: followers | G1: posts | H1: profile_url
A2: 2026-09-20 | B2: instagram | C2: yourbrand | D2: You | E2: main | F2: 12400 | G2: 312 | H2: https://www.instagram.com/yourbrand/
A3: 2026-09-21 | B3: instagram | C3: yourbrand | D3: You | E3: main | F3: 12455 | G3: 313 | H3: https://www.instagram.com/yourbrand/
A4: 2026-09-22 | B4: instagram | C4: yourbrand | D4: You | E4: main | F4: 12510 | G4: 314 | H4: https://www.instagram.com/yourbrand/
A5: 2026-09-20 | B5: tiktok | C5: yourbrand | D5: You | E5: main | F5: 45200 | G5: 120 | H5: https://www.tiktok.com/@yourbrand
A6: 2026-09-21 | B6: tiktok | C6: yourbrand | D6: You | E6: main | F6: 45120 | G6: 120 | H6: https://www.tiktok.com/@yourbrand
A7: 2026-09-22 | B7: tiktok | C7: yourbrand | D7: You | E7: main | F7: 45210 | G7: 121 | H7: https://www.tiktok.com/@yourbrand
A8: 2026-09-21 | B8: tiktok | C8: competitor1 | D8: Competitor 1 | E8: main | F8: 8100 | G8: 88 | H8: https://www.tiktok.com/@competitor1
A9: 2026-09-22 | B9: tiktok | C9: competitor1 | D9: Competitor 1 | E9: main | F9: 8090 | G9: 88 | H9: https://www.tiktok.com/@competitor1

Sheet Failures
A1: date | B1: platform | C1: username | D1: brand | E1: account_label | F1: note

Sheet Health
A1: brand | B1: account_label | C1: platform | D1: username | E1: last_record | F1: days_missing | G1: status

Sheet Monthly
A1: month | B1: platform | C1: username | D1: brand | E1: account_label | F1: first | G1: last | H1: growth | I1: avg_daily | J1: growth_pct
